{
	"res://addons/simple_cards/card/card_layout/default_card_back_layout.tscn": {
		"enabled": true,
		"last_modified": 0.0,
		"layout_id": "default_back",
		"tags": []
	},
	"res://addons/simple_cards/card/card_layout/default_card_layout.tscn": {
		"enabled": true,
		"last_modified": 0.0,
		"layout_id": "default",
		"tags": []
	},
	"res://examples/cards/standard_deck/standard_back_layout.tscn": {
		"enabled": true,
		"last_modified": 1769865119,
		"layout_id": "standard_back_layout",
		"tags": [
			"back"
		]
	},
	"res://examples/cards/standard_deck/standard_layout.tscn": {
		"enabled": true,
		"last_modified": 1771248017,
		"layout_id": "standard_layout",
		"tags": [
			"front"
		]
	}
}