{
	"res://addons/simple_cards/card/card_layout/default_card_back_layout.tscn": {
		"enabled": true,
		"last_modified": 0.0,
		"layout_id": "default_back",
		"tags": []
	},
	"res://addons/simple_cards/card/card_layout/default_card_layout.tscn": {
		"enabled": true,
		"last_modified": 0.0,
		"layout_id": "default",
		"tags": []
	},
	"res://examples/balatro_style/standard_back_layout.tscn": {
		"enabled": true,
		"last_modified": 1768556001,
		"layout_id": "standard_back_layout",
		"tags": [
			"back"
		]
	},
	"res://examples/balatro_style/standard_layout.tscn": {
		"enabled": true,
		"last_modified": 1768891437,
		"layout_id": "standard_layout",
		"tags": [
			"front"
		]
	}
}